company,job-title,level
,,
,,
,,
,,
SynergisticIT,Entry Level Programmer/Coder/Developer/Data Scientist/Analyst/Engineer,Entry level
,,
SynergisticIT,Data Analyst/Python Programmer - Remote,Entry level
Veteran Benefits Guide,AI Software Engineer,Entry level
,,
,,
,,
SynergisticIT,Backend Developer(Entry Level),Entry level
,,
SynergisticIT,Entry Level Programmer/Coder/Developer/Data Scientist/Analyst/Engineer,Entry level
,,
SynergisticIT,Jr software engineer,Entry level
,,
Veteran Benefits Guide,AI Software Engineer,Entry level
The Boring Company,Automation Control Software Engineer,Not Applicable
Global Force USA,Programmer Analyst,Entry level
SynergisticIT,Backend Developer(Entry Level),Entry level
,,
SynergisticIT,Entry Level Programmer/Coder/Developer/Data Scientist/Analyst/Engineer,Entry level
,,
SynergisticIT,Data Analyst/Python Programmer - Remote,Entry level
,,
The Boring Company,Automation Control Software Engineer,Not Applicable
,,
GLOBAL C2 INTEGRATION TECHNOLOGIES,Data Scientist,Entry level
"Jtec Industries, Inc. - Materials Movement Experts ",Data Scientist,Entry level
